<?xml version="1.0" encoding="UTF-8"?>
<!DOCTYPE faces-config PUBLIC "-//Sun Microsystems, Inc.//DTD JavaServer Faces Config 1.0//EN"
                              "http://java.sun.com/dtd/web-facesconfig_1_0.dtd">
<faces-config>
  <render-kit>
    <renderer>
      <component-family>com.example.ExampleControl</component-family>
      <renderer-type>com.example.ExampleControl</renderer-type>
      <renderer-class>com.example.renderkit.html_basic.ExampleRenderer</renderer-class>
    </renderer>
  </render-kit>
</faces-config>
